0326,20181203,09:19,18:20,"Java/1.8.0_181","121.117.163.171","Java/1.8.0_181","121.117.163.171"
0326,20181204,09:19,18:20,"Java/1.8.0_181","121.117.163.171","Java/1.8.0_181","121.117.163.171"
0326,20181205,09:19,18:26,"Java/1.8.0_181","121.117.163.171","Java/1.8.0_181","121.117.163.171"
0326,20181206,09:19,18:20,"Java/1.8.0_181","121.117.163.171","Java/1.8.0_181","121.117.163.171"
0326,20181207,09:19,18:20,"Java/1.8.0_181","121.117.163.171","Java/1.8.0_181","121.117.163.171"
0326,20181210,09:19,18:19,"Java/1.8.0_181","121.117.163.171","Java/1.8.0_181","121.117.163.171"
0326,20181211,09:19,18:19,"Java/1.8.0_181","121.117.163.171","Java/1.8.0_181","121.117.163.171"
0326,20181212,09:19,18:19,"Java/1.8.0_181","121.117.163.171","Java/1.8.0_181","121.117.163.171"
0326,20181213,09:19,18:19,"Java/1.8.0_181","121.117.163.171","Java/1.8.0_181","121.117.163.171"
0326,20181214,09:19,18:19,"Java/1.8.0_181","121.117.163.171","Java/1.8.0_181","121.117.163.171"
0326,20181217,09:19,18:19,"Java/1.8.0_181","121.117.163.171","Java/1.8.0_181","121.117.163.171"
0326,20181218,09:19,18:19,"Java/1.8.0_181","121.117.163.171","Java/1.8.0_181","121.117.163.171"
0326,20181219,09:19,18:19,"Java/1.8.0_181","121.117.163.171","Java/1.8.0_181","121.117.163.171"
0326,20181220,09:19,18:19,"Java/1.8.0_181","121.117.163.171","Java/1.8.0_181","121.117.163.171"
0326,20181221,09:19,18:19,"Java/1.8.0_181","121.117.163.171","Java/1.8.0_181","121.117.163.171"
0326,20181225,09:19,18:19,"Java/1.8.0_181","121.117.163.171","Java/1.8.0_181","121.117.163.171"
0326,20181226,09:19,18:19,"Java/1.8.0_181","121.117.163.171","Java/1.8.0_181","121.117.163.171"
0326,20181227,09:19,18:19,"Java/1.8.0_181","121.117.163.171","Java/1.8.0_181","121.117.163.171"
0326,20181228,09:19,,"Java/1.8.0_181","121.117.163.171","",""
